Abstract,risk,risks
2,1,0
6,1,0
18,0,2
22,1,0
27,3,3
Mean,1.2,1
Sd,1.095445115,1.414213562
Max,3,3
Min,0,0
Median,1,0
