Test,Statistic,P Value
k2,11.2928,0.0035
t,3.4829,0.0015
Chi2,30.66666667,0.483096418
