Test,Statistic,P Value
k2,305.0804507,5.66E-67
t,4.789857688,3.92E-05
f,9.299136871,2.29E-11
median test,125.903514,2.00E-23
